-- Vkládání testovacích dat pro nové schéma databáze

-- Vložení uživatelů
INSERT INTO users (username, email, password_hash, is_admin)
VALUES 
  ('FOXA', 'foxa@furry-fotky.cz', '$2a$12$P9rKZvE/9JuV/WY6DMeGxuhKRc3xw.fY1L19sN9jV5syA/xGvLIfS', false),
  ('SkiaA', 'skia@furry-fotky.cz', '$2a$12$P9rKZvE/9JuV/WY6DMeGxuhKRc3xw.fY1L19sN9jV5syA/xGvLIfS', false),
  ('TygrA', 'tygr@furry-fotky.cz', '$2a$12$P9rKZvE/9JuV/WY6DMeGxuhKRc3xw.fY1L19sN9jV5syA/xGvLIfS', false),
  ('PandaA', 'panda@furry-fotky.cz', '$2a$12$P9rKZvE/9JuV/WY6DMeGxuhKRc3xw.fY1L19sN9jV5syA/xGvLIfS', false),
  ('VlkA', 'vlk@furry-fotky.cz', '$2a$12$P9rKZvE/9JuV/WY6DMeGxuhKRc3xw.fY1L19sN9jV5syA/xGvLIfS', false),
  ('OtterA', 'otter@furry-fotky.cz', '$2a$12$P9rKZvE/9JuV/WY6DMeGxuhKRc3xw.fY1L19sN9jV5syA/xGvLIfS', false),
  ('ŠakalA', 'sakal@furry-fotky.cz', '$2a$12$P9rKZvE/9JuV/WY6DMeGxuhKRc3xw.fY1L19sN9jV5syA/xGvLIfS', false),
  ('AdminA', 'admin@furry-fotky.cz', '$2a$12$P9rKZvE/9JuV/WY6DMeGxuhKRc3xw.fY1L19sN9jV5syA/xGvLIfS', true),
  ('FurryEventsA', 'events@furry-fotky.cz', '$2a$12$P9rKZvE/9JuV/WY6DMeGxuhKRc3xw.fY1L19sN9jV5syA/xGvLIfS', false),
  ('PragueFurA', 'prague@furry-fotky.cz', '$2a$12$P9rKZvE/9JuV/WY6DMeGxuhKRc3xw.fY1L19sN9jV5syA/xGvLIfS', false),
  ('FurCzechiaA', 'furczechia@furry-fotky.cz', '$2a$12$P9rKZvE/9JuV/WY6DMeGxuhKRc3xw.fY1L19sN9jV5syA/xGvLIfS', false),
  ('CzechFursA', 'czechfurs@furry-fotky.cz', '$2a$12$P9rKZvE/9JuV/WY6DMeGxuhKRc3xw.fY1L19sN9jV5syA/xGvLIfS', false),
  ('PawsTogetherA', 'paws@furry-fotky.cz', '$2a$12$P9rKZvE/9JuV/WY6DMeGxuhKRc3xw.fY1L19sN9jV5syA/xGvLIfS', false);

-- Vložení fotografů
INSERT INTO photographers (user_id, bio, description, is_beginner)
VALUES 
  (1, 'Fotograf zvířat', 'Jsem profesionální fotograf specializující se na fotografování zvířat. Fotím především v přírodě, ale také na akcích a událostech. Mým cílem je zachytit přirozenou krásu a osobnost každého zvířete.', false),
  (2, 'Portrétní fotograf', 'Specializuji se na portrétní fotografii. Rád zachycuji emoce a osobnost lidí a jejich fursuitů v přirozených i studiových podmínkách.', false),
  (3, 'Krajinář', 'Fotím především krajinu a přírodu. Mým cílem je zachytit krásu přírody v různých ročních obdobích a světelných podmínkách.', false),
  (4, 'Začínající fotograf', 'Jsem nadšený amatérský fotograf, který se teprve učí. Fotím především pro radost a zábavu.', true),
  (5, 'Fotím v přírodě', 'Specializuji se na fotografování v přírodě a wildlife fotografii.', true),
  (6, 'Městský fotograf', 'Fotím především ve městě, architekturu a street photography.', true),
  (7, 'Event fotograf', 'Specializuji se na fotografování akcí a událostí.', true);

-- Vložení organizátorů
INSERT INTO organizers (user_id, bio)
VALUES
  (9, 'Organizujeme největší furry události v ČR'),
  (10, 'Pražský fursuit team zajišťující pravidelné meetupy'),
  (11, 'Nezisková organizace podporující furry komunitu'),
  (12, 'Spolek pořádající menší lokální akce'),
  (13, 'Organizační tým specializující se na charitativní akce');

-- Vložení událostí
INSERT INTO events (name, description, location, date, organizer_id)
VALUES 
  ('Furmeet PrahaA', 'Pravidelné setkání furry komunity v Praze', 'Praha', '2023-06-15', 2),
  ('Czech Furry ConA', 'Největší furry konvence v Česku', 'Brno', '2023-10-20', 1),
  ('FurFestA', 'Mezinárodní furry festival', 'Praha', '2023-08-05', 1),
  ('PelíškováníA', 'Komorní setkání', 'Olomouc', '2023-05-12', 4),
  ('FotomeetA', 'Setkání zaměřené na fotografování', 'Plzeň', '2023-09-30', 3),
  ('Charity PawsA', 'Charitativní akce na podporu zvířecích útulků', 'České Budějovice', '2023-11-15', 5),
  ('Winter FurConA', 'Zimní furry setkání', 'Liberec', '2023-12-25', 1),
  ('Fursuit WalkA', 'Procházka v kostýmech po centru města', 'Praha', '2023-07-01', 2);

-- Vložení tagů
INSERT INTO tags (name)
VALUES 
  ('fursuitA'),
  ('outdoorA'),
  ('indoorA'),
  ('conA'),
  ('meetupA'),
  ('portraitA'),
  ('groupA'),
  ('black_whiteA'),
  ('colorfulA'),
  ('nightA'),
  ('summerA'),
  ('winterA'),
  ('springA'),
  ('autumnA'),
  ('studioA'),
  ('natureA'),
  ('urbanA'),
  ('candidA');

-- Vložení úložiště fotografií
-- Poznámka: Pro vložení skutečných fotografií použijte skript generate-images.sh
-- Tento skript stáhne náhodné obrázky z Picsum Photos a vloží je do tabulky storage_photos
-- Ukázkové záznamy níže jsou prázdné (bez binárních dat) a slouží pouze pro testování
INSERT INTO storage_photos (file_data, thumbnail_data, content_type, original_name)
VALUES 
  (decode('', 'base64'), decode('', 'base64'), 'image/jpeg', 'photo1.jpg'),
  (decode('', 'base64'), decode('', 'base64'), 'image/jpeg', 'photo2.jpg'),
  (decode('', 'base64'), decode('', 'base64'), 'image/jpeg', 'photo3.jpg'),
  (decode('', 'base64'), decode('', 'base64'), 'image/jpeg', 'photo4.jpg'),
  (decode('', 'base64'), decode('', 'base64'), 'image/jpeg', 'photo5.jpg'),
  (decode('', 'base64'), decode('', 'base64'), 'image/jpeg', 'photo6.jpg'),
  (decode('', 'base64'), decode('', 'base64'), 'image/jpeg', 'photo7.jpg'),
  (decode('', 'base64'), decode('', 'base64'), 'image/jpeg', 'photo8.jpg'),
  (decode('', 'base64'), decode('', 'base64'), 'image/jpeg', 'photo9.jpg'),
  (decode('', 'base64'), decode('', 'base64'), 'image/jpeg', 'photo10.jpg'),
  (decode('', 'base64'), decode('', 'base64'), 'image/jpeg', 'photo11.jpg'),
  (decode('', 'base64'), decode('', 'base64'), 'image/jpeg', 'photo12.jpg'),
  (decode('', 'base64'), decode('', 'base64'), 'image/jpeg', 'photo13.jpg'),
  (decode('', 'base64'), decode('', 'base64'), 'image/jpeg', 'photo14.jpg'),
  (decode('', 'base64'), decode('', 'base64'), 'image/jpeg', 'photo15.jpg'),
  (decode('', 'base64'), decode('', 'base64'), 'image/jpeg', 'photo16.jpg'),
  (decode('', 'base64'), decode('', 'base64'), 'image/jpeg', 'photo17.jpg'),
  (decode('', 'base64'), decode('', 'base64'), 'image/jpeg', 'photo18.jpg'),
  (decode('', 'base64'), decode('', 'base64'), 'image/jpeg', 'photo19.jpg'),
  (decode('', 'base64'), decode('', 'base64'), 'image/jpeg', 'photo20.jpg'),
  (decode('', 'base64'), decode('', 'base64'), 'image/jpeg', 'photo21.jpg'),
  (decode('', 'base64'), decode('', 'base64'), 'image/jpeg', 'photo22.jpg'),
  (decode('', 'base64'), decode('', 'base64'), 'image/jpeg', 'photo23.jpg'),
  (decode('', 'base64'), decode('', 'base64'), 'image/jpeg', 'photo24.jpg'),
  (decode('', 'base64'), decode('', 'base64'), 'image/jpeg', 'photo25.jpg'),
  (decode('', 'base64'), decode('', 'base64'), 'image/jpeg', 'photo26.jpg'),
  (decode('', 'base64'), decode('', 'base64'), 'image/jpeg', 'photo27.jpg'),
  (decode('', 'base64'), decode('', 'base64'), 'image/jpeg', 'photo28.jpg'),
  (decode('', 'base64'), decode('', 'base64'), 'image/jpeg', 'photo29.jpg'),
  (decode('', 'base64'), decode('', 'base64'), 'image/jpeg', 'photo30.jpg'),
  (decode('', 'base64'), decode('', 'base64'), 'image/jpeg', 'photo31.jpg'),
  (decode('', 'base64'), decode('', 'base64'), 'image/jpeg', 'photo32.jpg'),
  (decode('', 'base64'), decode('', 'base64'), 'image/jpeg', 'photo33.jpg'),
  (decode('', 'base64'), decode('', 'base64'), 'image/jpeg', 'photo34.jpg'),
  (decode('', 'base64'), decode('', 'base64'), 'image/jpeg', 'photo35.jpg'),
  (decode('', 'base64'), decode('', 'base64'), 'image/jpeg', 'photo36.jpg'),
  (decode('', 'base64'), decode('', 'base64'), 'image/jpeg', 'photo37.jpg'),
  (decode('', 'base64'), decode('', 'base64'), 'image/jpeg', 'photo38.jpg'),
  (decode('', 'base64'), decode('', 'base64'), 'image/jpeg', 'photo39.jpg'),
  (decode('', 'base64'), decode('', 'base64'), 'image/jpeg', 'photo40.jpg'),
  (decode('', 'base64'), decode('', 'base64'), 'image/jpeg', 'photo41.jpg'),
  (decode('', 'base64'), decode('', 'base64'), 'image/jpeg', 'photo42.jpg'),
  (decode('', 'base64'), decode('', 'base64'), 'image/jpeg', 'photo43.jpg'),
  (decode('', 'base64'), decode('', 'base64'), 'image/jpeg', 'photo44.jpg'),
  (decode('', 'base64'), decode('', 'base64'), 'image/jpeg', 'photo45.jpg'),
  (decode('', 'base64'), decode('', 'base64'), 'image/jpeg', 'photo46.jpg'),
  (decode('', 'base64'), decode('', 'base64'), 'image/jpeg', 'photo47.jpg'),
  (decode('', 'base64'), decode('', 'base64'), 'image/jpeg', 'photo48.jpg'),
  (decode('', 'base64'), decode('', 'base64'), 'image/jpeg', 'photo49.jpg'),
  (decode('', 'base64'), decode('', 'base64'), 'image/jpeg', 'photo50.jpg'),
  (decode('', 'base64'), decode('', 'base64'), 'image/jpeg', 'photo51.jpg'),
  (decode('', 'base64'), decode('', 'base64'), 'image/jpeg', 'photo52.jpg'),
  (decode('', 'base64'), decode('', 'base64'), 'image/jpeg', 'photo53.jpg'),
  (decode('', 'base64'), decode('', 'base64'), 'image/jpeg', 'photo54.jpg'),
  (decode('', 'base64'), decode('', 'base64'), 'image/jpeg', 'photo55.jpg'),
  (decode('', 'base64'), decode('', 'base64'), 'image/jpeg', 'photo56.jpg'),
  (decode('', 'base64'), decode('', 'base64'), 'image/jpeg', 'photo57.jpg'),
  (decode('', 'base64'), decode('', 'base64'), 'image/jpeg', 'photo58.jpg'),
  (decode('', 'base64'), decode('', 'base64'), 'image/jpeg', 'photo59.jpg'),
  (decode('', 'base64'), decode('', 'base64'), 'image/jpeg', 'photo60.jpg');

-- Vložení fotografií
INSERT INTO photos (event_id, photographer_id, storage_id, likes, date)
VALUES
  (1, 1, 1, 15, '2023-06-15'),
  (1, 2, 2, 8, '2023-06-15'),
  (2, 3, 3, 25, '2023-10-20'),
  (2, 1, 4, 30, '2023-10-20'),
  (3, 4, 5, 12, '2023-08-05'),
  (3, 5, 6, 5, '2023-08-05'),
  (4, 6, 7, 18, '2023-05-12'),
  (4, 7, 8, 22, '2023-05-12'),
  (5, 2, 9, 9, '2023-09-30'),
  (5, 3, 10, 14, '2023-09-30'),
  (6, 1, 11, 42, '2023-11-15'),
  (6, 4, 12, 28, '2023-11-15'),
  (7, 5, 13, 19, '2023-12-25'),
  (7, 3, 14, 31, '2023-12-25'),
  (8, 2, 15, 24, '2023-07-01'),
  (8, 6, 16, 16, '2023-07-01'),
  -- Rozšířené záznamy pro využití více storage_id
  (1, 3, 17, 27, '2023-06-20'),
  (1, 4, 18, 13, '2023-06-20'),
  (1, 5, 19, 9, '2023-06-21'),
  (1, 6, 20, 11, '2023-06-21'),
  (2, 2, 21, 18, '2023-10-21'),
  (2, 4, 22, 22, '2023-10-21'),
  (2, 5, 23, 15, '2023-10-22'),
  (2, 6, 24, 19, '2023-10-22'),
  (3, 1, 25, 33, '2023-08-06'),
  (3, 2, 26, 28, '2023-08-06'),
  (3, 3, 27, 17, '2023-08-07'),
  (3, 6, 28, 21, '2023-08-07'),
  (4, 1, 29, 14, '2023-05-13'),
  (4, 2, 30, 9, '2023-05-13'),
  (4, 3, 31, 23, '2023-05-14'),
  (4, 4, 32, 31, '2023-05-14'),
  (5, 1, 33, 25, '2023-10-01'),
  (5, 4, 34, 18, '2023-10-01'),
  (5, 5, 35, 12, '2023-10-02'),
  (5, 6, 36, 8, '2023-10-02'),
  (6, 2, 37, 36, '2023-11-16'),
  (6, 3, 38, 29, '2023-11-16'),
  (6, 5, 39, 22, '2023-11-17'),
  (6, 7, 40, 15, '2023-11-17'),
  (7, 1, 41, 27, '2023-12-26'),
  (7, 2, 42, 19, '2023-12-26'),
  (7, 4, 43, 24, '2023-12-27'),
  (7, 6, 44, 33, '2023-12-27'),
  (8, 1, 45, 17, '2023-07-02'),
  (8, 3, 46, 21, '2023-07-02'),
  (8, 4, 47, 29, '2023-07-03'),
  (8, 5, 48, 15, '2023-07-03'),
  (1, 7, 49, 12, '2023-06-22'),
  (2, 7, 50, 24, '2023-10-23'),
  (3, 7, 51, 16, '2023-08-08'),
  (4, 5, 52, 22, '2023-05-15'),
  (5, 7, 53, 31, '2023-10-03'),
  (6, 6, 54, 19, '2023-11-18'),
  (7, 7, 55, 28, '2023-12-28'),
  (8, 7, 56, 14, '2023-07-04'),
  (1, 1, 57, 38, '2023-06-23'),
  (3, 2, 58, 26, '2023-08-09'),
  (5, 3, 59, 17, '2023-10-04'),
  (7, 4, 60, 23, '2023-12-29');

-- Přidání tagů k fotografiím
INSERT INTO photo_tags (photo_id, tag_id)
VALUES
  (1, 1), (1, 3), (1, 5),
  (2, 2), (2, 6), (2, 9),
  (3, 1), (3, 4), (3, 7),
  (4, 3), (4, 4), (4, 8),
  (5, 1), (5, 2), (5, 10),
  (6, 2), (6, 15), (6, 16),
  (7, 3), (7, 5), (7, 18),
  (8, 1), (8, 7), (8, 9),
  (9, 2), (9, 6), (9, 16),
  (10, 3), (10, 17), (10, 18),
  (11, 1), (11, 5), (11, 11),
  (12, 2), (12, 10), (12, 17),
  (13, 3), (13, 12), (13, 16),
  (14, 1), (14, 12), (14, 7),
  (15, 2), (15, 6), (15, 17),
  (16, 1), (16, 17), (16, 18),
  -- Rozšíření tagů pro nové fotografie
  (17, 2), (17, 4), (17, 6),
  (18, 1), (18, 7), (18, 15),
  (19, 3), (19, 8), (19, 16),
  (20, 4), (20, 9), (20, 17),
  (21, 5), (21, 10), (21, 18),
  (22, 1), (22, 11), (22, 16),
  (23, 2), (23, 12), (23, 17),
  (24, 3), (24, 13), (24, 18),
  (25, 4), (25, 14), (25, 1),
  (26, 5), (26, 15), (26, 2),
  (27, 6), (27, 16), (27, 3),
  (28, 7), (28, 17), (28, 4),
  (29, 8), (29, 18), (29, 5),
  (30, 9), (30, 1), (30, 6),
  (31, 10), (31, 2), (31, 7),
  (32, 11), (32, 3), (32, 8),
  (33, 12), (33, 4), (33, 9),
  (34, 13), (34, 5), (34, 10),
  (35, 14), (35, 6), (35, 11),
  (36, 15), (36, 7), (36, 12),
  (37, 16), (37, 8), (37, 13),
  (38, 17), (38, 9), (38, 14),
  (39, 18), (39, 10), (39, 15),
  (40, 1), (40, 11), (40, 16),
  (41, 2), (41, 12), (41, 17),
  (42, 3), (42, 13), (42, 18),
  (43, 4), (43, 14), (43, 1),
  (44, 5), (44, 15), (44, 2),
  (45, 6), (45, 16), (45, 3),
  (46, 7), (46, 17), (46, 4),
  (47, 8), (47, 18), (47, 5),
  (48, 9), (48, 1), (48, 6),
  (49, 10), (49, 2), (49, 7),
  (50, 11), (50, 3), (50, 8),
  (51, 12), (51, 4), (51, 9),
  (52, 13), (52, 5), (52, 10),
  (53, 14), (53, 6), (53, 11),
  (54, 15), (54, 7), (54, 12),
  (55, 16), (55, 8), (55, 13),
  (56, 17), (56, 9), (56, 14),
  (57, 18), (57, 10), (57, 15),
  (58, 1), (58, 11), (58, 16),
  (59, 2), (59, 12), (59, 17),
  (60, 3), (60, 13), (60, 18);

-- Přidání lajků k fotografiím
INSERT INTO photo_likes (user_id, photo_id)
VALUES
  (1, 3), (1, 5), (1, 7), (1, 9),
  (2, 1), (2, 4), (2, 6), (2, 8),
  (3, 2), (3, 4), (3, 6), (3, 8),
  (4, 1), (4, 3), (4, 5), (4, 7),
  (5, 9), (5, 10), (5, 11), (5, 12),
  (6, 13), (6, 14), (6, 15), (6, 16),
  (7, 1), (7, 3), (7, 5), (7, 7),
  (8, 2), (8, 4), (8, 6), (8, 8),
  (9, 10), (9, 12), (9, 14), (9, 16),
  (10, 9), (10, 11), (10, 13), (10, 15),
  -- Rozšíření lajků pro nové fotografie
  (1, 17), (1, 21), (1, 25), (1, 29),
  (2, 18), (2, 22), (2, 26), (2, 30),
  (3, 19), (3, 23), (3, 27), (3, 31),
  (4, 20), (4, 24), (4, 28), (4, 32),
  (5, 33), (5, 37), (5, 41), (5, 45),
  (6, 34), (6, 38), (6, 42), (6, 46),
  (7, 35), (7, 39), (7, 43), (7, 47),
  (8, 36), (8, 40), (8, 44), (8, 48),
  (9, 49), (9, 53), (9, 57), (9, 60),
  (10, 50), (10, 54), (10, 58), (10, 59),
  (1, 51), (1, 55), (2, 52), (2, 56),
  (3, 53), (3, 57), (4, 54), (4, 58),
  (5, 55), (5, 59), (6, 56), (6, 60),
  (7, 49), (7, 51), (8, 50), (8, 52),
  (9, 17), (9, 25), (10, 18), (10, 26),
  (1, 19), (1, 27), (2, 20), (2, 28),
  (3, 33), (3, 41), (4, 34), (4, 42),
  (5, 35), (5, 43), (6, 36), (6, 44); 